Shandra,Ketchen
Erek,Loncaster
Anetta,Dowsing
Inness,Sale
Olivero,Munnion
Mariquilla,Murison
Skippie,Arthars
Artus,Vanyutin
Otto,Banasiak
Lissie,Heckle
Silvia,Soltan
Joyann,McCracken
Powell,Haith
Marjory,Kilrow
Rowney,Calderon
Rivalee,Lanegran
Brina,Robatham
Starlin,Tither
Rafferty,Ingarfield
Idalina,Jirik
Normand,Eustis
Shena,Prall
Christean,Jordine
Alastair,Chesterman
Alejandrina,Spacy
Dwain,Lynds
Aleksandr,Simacek
Carina,McCrackem
Freedman,Brecon
Tome,Stovell
Ginnie,Lubomirski
Far,Brant
Tate,Simeons
Zandra,Willford
Cele,Beels
Molly,Twigger
Rona,Biaggioni
Tadeo,Castan
Erny,Miche
Georgi,Grishenkov
Taddeo,Topper
Renell,Christophersen
Munroe,Whawell
Hester,Lamprecht
Bernardo,Tatterton
Denver,Penas
Errol,Kirgan
Gayleen,Giovanizio
Carlota,Conti
Aaron,Mawson
Brose,Colcomb
Norrie,Annion
Caressa,Devita
Brynne,Starmore
Lucian,Jizhaki
Cyb,Miroy
Tomkin,Sinnocke
Gordie,Stanmore
Sheree,Gates
Ada,Lammertz
Vivyanne,Chatel
Tania,De Bell
Andie,Klulicek
Damara,Golden
Jackie,Haighton
Natal,Karpe
Renata,McGriffin
Maxine,Diggens
Jessalin,Keenlyside
Sibel,Bartolomeoni
Rani,Todaro
Gaston,Toquet
Evangelin,Pargetter
Cammy,Addams
Hinze,Van Der Hoog
Dulce,Blair
Moore,Paolacci
Jeff,Brose
Bone,Lightoller
Dov,Hallard
Yelena,Blumer
Novelia,Greswell
Frederica,Bredes
Francklyn,Dittson
Ora,Payler
Idalina,Ferier
Dorothee,Moscone
Austin,Hum
Brunhilda,Davidovicz
Aube,Spain
Deloria,Burrass
Phylis,Yeldham
Tallie,Medlin
Joey,Ingle
Erena,Yeiles
Sheri,Errigo
Barn,Spadaro
Gerek,Thying
Elvin,Schubart
Gwennie,Edeson
Ruperta,Seint
Adelle,de Glanville
Leon,Ungerechts
Homere,Fee
Hanny,Meates
Marcellina,Tetla
Victor,Lanphere
Andromache,Belfitt
Tasha,Mallion
Isador,Linder
Marti,Laurentin
Robinetta,Paoletto
Ancell,Oneill
Al,Shipman
Godard,Gatlin
Karol,Hoxey
Humfrey,Giovannoni
Torr,Elkin
Leodora,McCurdy
Berta,Stammers
Nelia,Arnaud
Violante,Jerrems
Amory,Odby
Winnifred,DelaField
Myrle,Devorill
Artemis,Rippingale
Averil,Pimblotte
Erhart,Martinez
Mahmud,Crampsey
Andrey,Isles
Correy,Bunstone
Amelia,Whitear
Silas,Scourge
Hanna,Risdale
Vanni,Glancey
Bartholomeus,Stockell
Lissie,Whiff
Hollis,Gorhardt
Bernarr,Erat
Cynthie,Humberston
Benjamin,Playfoot
Benny,Palle
Kin,Halhead
Ewell,McFall
Doreen,McLafferty
Kirstin,Seemmonds
Zechariah,Renon
Rourke,Reynard
Wallie,Laroze
Debra,McGraw
Stacia,Gilbard
Quintana,Kleinberer
Chloe,Crowcher
Pat,Brendel
Burk,Pasmore
Lyndsey,Luberto
Denys,Ionnisian
Dodie,Chaney
Eliot,Irons
Lela,Mohring
Sly,Jestico
Irvin,Rist
Sunny,Cissell
Jeromy,Cudmore
Cobbie,Poat
Sharlene,Dodge
Etienne,Shelford
Gennifer,Jeffry
Emmett,Hedaux
Glynda,Keepe
Lyssa,Stit
Bret,Rosenzveig
Violet,Wyse
Orly,Weepers
Marya,Sywell
Annis,Nornable
Cassi,Wakely
Olly,Kingsnoad
Boote,Beacon
Tybalt,McDonell
Gherardo,Rawsen
Welch,Godfroy
Fletch,Danilovich
Vance,Stallon
Roselin,Condict
Suzanna,Skipsey
Dieter,Curnock
Nataline,Carlile
Rochester,Pettiward
Marius,Phant
Norris,Brazel
Denny,Angood
Ewan,Munt
Web,Fley
Garv,Gosart
Vinita,Tulip
Beniamino,Pollen
Gilbert,Milner
Anitra,Odgers
Auberon,Spary
Koralle,Gerssam
Sherrie,Grovier
Inglis,Douberday
Vi,Kewzick
Shae,Bullocke
Ennis,Cuchey
Claudette,Hamp
Loleta,Suffe
Carie,Venners
Cindy,Feronet
Gerhardine,Dellenbrok
Gibb,Matous
Cloe,Sonschein
Worthington,Volke
Tamara,Sandbach
Tessa,Purnell
Pearla,Birtles
Nolie,Whitebrook
Constantia,Polin
Aldus,Perin
Artair,Gioan
Hermon,Polkinhorn
Darren,Adds
Mavis,Fruen
Mead,BoHlingolsen
Monique,Longthorne
Lance,McCrackan
Cointon,Dominiak
Lorettalorna,Peyton
Sharyl,Gerriets
Sashenka,Gomersal
Holden,Arrell
Frederick,Busby
Hill,McMaster
Blanch,Jellard
Bonny,Ellerey
Wit,Wyche
Crichton,Pindar
Warden,Kimm
Oberon,Ottee
Wilek,Caillou
Trenna,Hansbury
Ophelia,Mixworthy
Kennett,Sabattier
Cathryn,Davenall
Hayyim,Abramcik
Isabel,Georger
Helena,Toby
Slade,Eloy
Amelina,Reader
Tania,Woodger
Ariel,Townsend
Florencia,Haggarty
Sheffie,Bowell
Den,Salvati
Carla,Ayrton
Thelma,Kimblin
Wilhelm,Strettell
Barnett,MacCardle
Jilleen,Randalson
Basilius,Greening
Teodorico,Fetherstonhaugh
Gunter,Grundy
Paddy,Rollett
Zolly,Strooband
Tiler,Funcheon
Con,Dreossi
Karney,Burnep
Tabina,Tremellier
Shel,O'Calleran
Georgetta,Polet
Grover,Oman
Deirdre,Klimko
Demetris,Roll
Mort,Warricker
Mirabella,Caret
Trev,Stud
Leonidas,Amar
Ashley,Foyster
Emmery,Stonier
Evita,Warry
Carson,Arton
Harmonia,Menendez
Rooney,Danis
Nathanial,Pennick
Walton,Billiard
Leanora,Ahrenius
Svend,Marian
Red,Shimmings
Guillema,Sancias
Moira,Knellen
Ewen,Blaksley
Camila,Drysdale
Darcie,Denzilow
Olly,McReynold
Edouard,Vogl
Lindon,Reitenbach
Tiebout,Ozelton
Danni,Bidwell
Shaina,Drakard
Culley,Borrington
Jessamyn,Gronowe
Enrica,Stubbert
Kipp,Vittel
Adamo,Swaisland
Katherina,Gazzard
Rosaline,Comberbach
Lorelle,Daynter
Klemens,O'Murtagh
Maritsa,Rayne
Gregoire,Fritz
Jamil,Thomlinson
Tana,Eby
Turner,Frascone
Sigrid,Rainsden
Chet,Brewers
Antonie,Tace
Trenna,Ash
Cthrine,Enoksson
Merline,Doyle
Grata,Fores
Jermain,Brockelsby
Solly,Holme
Fayre,Winny
Konstance,Fuzzey
Gail,Rubinivitz
Carma,Beard
Teodoro,Vearncombe
Krystal,Threadgold
Kristin,Ciobutaru
Demetris,Saunt
Gaile,Toll
Mariejeanne,Shivell
Inna,Bottell
Uri,Scrammage
Moira,Spinige
Elonore,Arnet
Dulcinea,Garnall
Sharon,Zamudio
Pen,Fearn
Roselin,Tadlow
Diane,Williamson
Wynnie,McLanaghan
Marylynne,Kinchin
Leta,Dunkersley
Hardy,Ollerton
Vernon,Soldner
Hadley,Sacchetti
Orin,Fancett
Karilynn,Bottlestone
Arlen,Bramley
Cristie,Saturley
Marcelle,ducarme
Frazier,Karczinski
Thornie,Bossom
Rea,Spridgeon
Patricia,Pigney
Marya,Frensch
Clarence,Yelden
Arluene,Harm
Louisa,Liley
Janeta,Thelwll
Priscella,Birdwistle
Laurence,Furmagier
Chanda,Riepel
Gabbie,Retallack
Trisha,Alibone
Sid,Pygott
Nananne,Aphale
Thorin,Kee
Rawley,Bubear
Nicol,Domerque
Doralyn,Kmietsch
Jan,Gabrieli
Petronille,Dudleston
Melinda,Bleazard
Gaylord,Wormstone
Selig,Torr
Elise,Glennon
Marylin,Dulake
Bearnard,Eudall
Kriste,Palluschek
Ewart,Calcott
Madelle,Ansley
Olenolin,Trays
Hugo,Cheal
Lanette,Oggers
Daryn,Weller
Jaclyn,Gill
Pat,Flips
Carny,Carson
Mareah,Mattersley
Meg,Swinden
Rosetta,Yeell
Illa,Fauguel
Mikael,Wartnaby
Purcell,Fullard
Mariya,Bearcroft
Sheelah,Briars
Marion,Harower
Staci,Southcoat
Robinet,Eddis
Giselbert,McIlharga
Skylar,Santo
Rod,Tristram
Leyla,Stearnes
Sheelah,Keates
Pam,Ferrillio
Happy,Stollman
Arley,Farraway
Faith,Billing
Lissa,Benardet
Iver,Baignard
Granny,ffrench Beytagh
Lynda,Sheryne
Tate,Jarrad
Kailey,Crosio
Buddie,Pridden
Valeria,Berget
Veronique,Finder
Issiah,Gurnett
Lexis,Blencoe
Lenna,Vearncombe
Giulia,Nutbean
Hilde,Pinnijar
Clarence,Hinckesman
Shandra,Braunroth
Abel,Villalta
Kathe,Baxandall
Dilly,Robiot
Merrill,Canacott
Wesley,Drinkwater
Shanie,Vinsen
Saloma,Dooly
Kanya,Martill
Arty,Mathe
Ruddy,Larenson
Nanette,Ciccerale
Olga,Huriche
Benita,O'Feeney
Madonna,Ralling
Arlana,Beurich
Kiah,Davidovics
Brittany,Redgrave
Cookie,True
Madella,How
Shel,Waliszek
Francene,Hearle
Saleem,Wilbor
Ebba,Luckcock
Brady,Maccrae
Seward,Klich
Aldous,Zapater
Daffy,Wolfe
Cad,Pheasey
Evelyn,Twelve
Sarette,Moran
May,Crellin
Ardyth,Petrushanko
Faythe,Dmisek
Brion,McQuaid
Zared,Hug
Feliza,Churchward
Carlynn,Grills
Beatrix,Baress
Ashla,Stichall
Christye,Ryce
Merrielle,Arangy
Barnie,Baack
Timothy,Moncrieffe
Marcelia,Janecek
Pryce,Oliva
Wait,Piatti
Hubie,Sabates
Mart,Hadny
Marylee,Pidgley
Garreth,Pacitti
Pyotr,Goman
Pippo,Torrese
Ruthann,Sayton
Hyacinth,Staning
Oberon,March
Perkin,Reddick
Zulema,O'Callaghan
Benedicto,Sprade
Eward,Puig
Jens,Dedon
Bartram,Foyston
Joshuah,Blackham
Othello,Henighan
Valencia,Rozzell
Luis,Hanscome
Ollie,Hentze
Bobbette,Kindle
Gwenette,Shakelady
Gerri,Trappe
Ninetta,Mariault
Melony,Moyer
Clarita,Turvey
Fancy,Mallalieu
Lane,Filyushkin
Perice,Girt
Patrizia,Whitrod
Mallory,Grahame
Tania,Boylund
Riannon,Aldgate
Marris,De Bruijn
Butch,Robjohns
Roddie,Parkhouse
Maye,Ewbanck
Nora,Coucher
Min,Gozney
Drona,Biasio
Reggi,Atack
Sherill,Dwire
Torry,Ogg
Edith,Langsdon
Evin,Balazin
Ernesto,Sabate
Weylin,Guiot
Lorelle,Van der Baaren
Cherice,Ingarfield
Lemmy,Bernlin
Hazel,Sherlaw
Cecilla,Slidders
Kassey,Godleman
Mac,Southcombe
Valerie,Leindecker
Vevay,Frushard
Murdoch,Janikowski
Jamaal,Sage
Vachel,Mottinelli
Kaleb,Rydeard
Jordon,Brehat
Annelise,Auton
Morgen,Pidgeon
Olga,Bortolussi
Doti,Mullane
Emilia,Helix
Helyn,Dobeson
Elroy,Cason
Umberto,Espinoy
Flo,Dewen
Evered,Jorg
Sloane,Spoward
Brockie,Balhatchet
Carrol,Gorusso
Iolanthe,Ogger
Garth,Edes
Elicia,Kynan
Fianna,Fozzard
Liesa,Langthorne
Armand,Seville
Marcel,Blakeman
Minnie,Tomkies
Heidie,Siggee
Greggory,Hardin
Garwood,Kunc
Alexa,Roskeilly
Stern,Tingley
Veronique,Danslow
Adrien,Varnam
Pippa,Raund
Morris,Kensington
Sheba,Cota
Mattheus,Menichillo
Mariann,McCrum
Corny,Barthelet
Berenice,Leythley
Torre,Ferne
Tania,McGray
Susy,Bailey
Giustino,Arnal
Ailbert,Hanster
Farra,Wondraschek
Arabella,Kennler
Dana,Beever
Michaella,Kayser
Renata,Gawkes
Corabelle,Bullen
Kyla,Swatheridge
Hans,Northley
Evangeline,Howey
Zared,Piesold
Billy,Lethbury
Olympia,Maddigan
Joelle,Sotham
Hilary,Bratten
Eugenius,Denisyev
Dar,Fleet
Findley,Spink
Kennedy,Brideoke
Hettie,Provis
Trenna,Oakhill
Andrey,Bellerby
Claudian,Philcott
Enoch,Windridge
Maximo,Wardlaw
Em,Jeanon
Feliks,Fyldes
Haley,Satterlee
Germain,Dickins
Gerome,Verne
Johnny,Gilchrest
Sallyann,Forrester
Kandy,Shemwell
Nanete,Goodanew
Brose,Jeram
Sisely,Trunks
Mortimer,Herion
Dominic,Kale
Wittie,Drogan
Alf,Barthrup
Deborah,Spellissy
Jacquelin,Tretter
Lily,Lindwasser
Tristan,Ellerey
Lacy,Lowndsbrough
Cybil,Pembry
Jed,Puller
Leonid,Abethell
Eb,Arniz
Suzie,Dennitts
Reuben,Pearsey
Bibi,Menguy
Lexy,Ambroz
Ali,Fouch
Niall,Hachette
Vernor,Sendall
Mattias,Storr
Amy,Rexworthy
Jemima,Wakeham
Palmer,Emmer
Cchaddie,Gwinnell
Nelson,Riediger
Katrinka,Simmen
Rhianon,Helsby
Arline,Creigan
Maighdiln,Hyndes
Deina,Titcom
Meryl,Stranger
Dianemarie,Dicty
Dierdre,Ottery
Adrian,Stickney
Markos,McOrkill
Ashli,Gillbee
Peterus,Compford
Fanchon,Venmore
Trish,Shorbrook
Otha,Lorriman
Marsh,Murrthum
Raf,Novak
Aloisia,Norfolk
Dorella,Yukhnov
Gibby,Cassels
Phineas,Cowdray
Nealson,Emmison
Johnette,Loftus
Colas,Shermar
Kristine,Coffin
Myrle,Jonuzi
Kalle,Adrianello
Davidson,Maden
Bianca,O'Heyne
Godard,Nendick
Nikki,Sibbering
Ebony,Warlow
Amargo,Takos
Katleen,Creaser
Beatrice,Dulwich
Daune,Jakoubek
Rahel,Ineson
Brandtr,Connachan
Mabel,Ditty
Guglielmo,Feathers
Clerc,Roddie
Broddy,Allain
Cassie,Pillington
Serge,McKevany
Martin,Brandes
Sibel,Junkin
Benedetto,Pincked
Ignaz,Stanner
Minetta,Rodenburg
Inglebert,Bavidge
Verne,Lapere
Jerome,Ogelbe
Bunnie,Henworth
Clareta,Dominici
Adorne,Dolligon
Rick,Malloy
Giselle,Plowright
Armstrong,Humbell
Liza,Blannin
Ettie,Janssens
Ulises,Gatward
Georgia,Aldersley
Kaye,McGauhy
Kordula,Hawkslee
Madelina,Boxer
Yevette,Strewthers
Mercy,Millward
Farlie,Gillanders
Hilarius,Enrdigo
Barnaby,Klewer
Sheppard,Hebble
Aurora,Yurov
Lorrie,Carnock
Rosette,Emerine
Vern,Hark
Sayer,Abramow
Eimile,Fittall
Leoline,Siehard
Emmye,Basham
Clement,Madrell
Rosetta,Tales
Nannette,Ellerey
Rey,Ivashev
Marnia,Douris
Gertie,Whiffin
Lynsey,Bartosinski
Clarke,Larkin
June,Gadman
Cele,Otson
Thornton,Glasper
Nollie,Camin
Lurette,Lyosik
Vladimir,Lambrick
Ennis,O'Caine
Shepperd,Eim
Wynne,Meaney
Kellie,Canacott
Sheilah,Edgcumbe
Heywood,Gehrts
Shannon,Trenholm
Theresita,Fleming
Upton,Crabb
Silas,Brun
Warner,Ryder
Keen,Middis
Darrin,Ricardon
Albie,Lehrian
Kirstyn,Calbrathe
Thorin,Salters
Annis,Axby
Ramsay,Wyndham
Joan,Gawthorp
Leese,Breckin
Andriette,Aldrin
Ram,Warder
Keary,Chinery
Waly,Hardstaff
Lyndel,Rumke
Rebe,Crank
Killie,Bines
Silvana,Haverty
Fenelia,Iannini
Cindee,Dougharty
Sol,Tedder
Crystal,Boggers
Welch,Sokell
Philis,Garvill
Rudolf,Claydon
Briney,Stallon
Melinde,Shevell
Felipa,Domesday
Brina,Lathwell
Reginauld,Courage
Rosco,Matzke
Valencia,Hamerton
Lilla,Cervantes
Gelya,Manns
Akim,Bastistini
Morena,MacRierie
Cristian,Minchinden
Yvonne,Dawtry
Gardener,Bonifas
Emmie,Robardley
Nanci,Kingcote
Alasteir,Parley
Krishna,Ranson
Elvina,Yaknov
Jerrilyn,Bontoft
Eleanor,Denisovich
Vina,O'Hartnett
Catherine,Siss
Robbie,Beig
Faina,Walch
Hakim,Stopher
Frannie,Dyte
Harmon,How
Rochell,Acarson
Ely,Hargerie
Iggie,Seath
Chaddy,Ekkel
Winona,Clayill
Raquela,Belfrage
Andy,Rickford
Freedman,Larter
Maurizio,Tabor
Elsworth,Siemon
Nickolaus,Baumer
Arvie,Yarrow
Ursola,Ferroni
Gaylene,Blackater
Judye,Merchant
Terence,Glanz
Adrian,Parken
Constantin,Robbs
Haskel,Gerckens
Bondon,Bavidge
Egan,Tixall
Ameline,Nevett
Vonny,Jordine
Elvina,Emmer
Nanny,Foden
Carola,Nabbs
Marco,Sisland
Wald,Mableson
Mirella,Ciubutaro
Tricia,Prendiville
Ilyse,Fransewich
Marni,Moon
Auberta,Frogley
Heywood,McNeish
Dodie,Fitch
Aurelia,Steanyng
Arel,Raeburn
Ephrem,Solano
Farrand,Castiglio
Derron,MacClinton
Ingunna,Garwood
Maddy,Castrillo
Natty,Peiro
Lotty,Mennell
Yoshiko,Hulk
Jenn,Bubear
Lorenzo,Cheales
Ted,Batey
Dolley,Klampt
Tamar,Schenkel
Sylvester,Haseley
Ashlie,Bonny
Henriette,Littler
Burr,Blinman
Frazer,Gartell
Maia,Camell
Brigit,Tildesley
Cinderella,Edis
Amber,Stanyer
Larina,Coil
Bealle,Wisniowski
Emmye,Kedge
Ravid,Borkett
Doralynn,Kopman
Brady,Nizet
Ola,Le Frank
Sancho,Fensome
Adria,Gorriessen
Ajay,Ferroni
Minnaminnie,Gittis
Natasha,Maysor
Rivy,Juris
Thane,Caudrey
Kinsley,Krabbe
Pauly,Oldnall
Vere,Longland
Delainey,Wintle
Dorolisa,Origin
Conny,Cattenach
Mandi,Rubie
Lowe,Battrum
Bruce,Aaronsohn
Ursula,Sidery
Jolynn,Cuschieri
Cory,Gwinnel
Winfield,Feare
Erina,Harrow
Loleta,Curner
Tally,Eriksson
Alfredo,Shipman
Nanette,Rooksby
Loralyn,Schneidau
Erin,Riehm
Ernestus,Reicherz
Fee,Kilfeder
Rhodia,Drage
Lauren,Lilford
Retha,Dilger
Inez,Halstead
Constantine,Eddicott
Gypsy,Ghidotti
Tandie,Clemintoni
Katrina,Pagelsen
Stanislas,Coomer
Burke,Aizlewood
Timi,Josipovic
Eran,Pooke
Bernhard,MacLachlan
Horatius,Drane
Sloan,Gives
Gunner,Dedmam
Web,Hilling
Irvin,Adrain
Arlene,Neubigin
Daniela,O'Meara
Gerek,Annetts
Mel,Clampin
Anetta,Kerwen
Cyndy,Rawle
Cordy,Rubinek
Claudia,Roseblade
Shea,Nayshe
Rosa,Kytter
Waneta,Farriar
Janek,Ridler
Zedekiah,Geater
Delmor,Swift
Tracie,Emmison
Jeffry,Cromie
Ambur,Rollinshaw
Alex,Salkild
Hildy,Stannislawski
Cheslie,Brydell
Morse,Billiard
Kalil,Cham
Dewain,Sammonds
Karee,Briscoe
Dione,Simenel
Myrtia,Sawfoot
Atlanta,Minerdo
Ferd,De Courtney
Madalena,Roan
Conni,Blincow
Theadora,Graeber
Lynsey,Waye
Frieda,Collyer
Felic,Darwood
Sharia,Yearby
Janey,Poulter
Anallise,Wagstaff
Aldo,Jess
Maighdiln,Farguhar
Tammy,Hazlewood
Cally,Chaunce
Modesty,Braams
Eloisa,Rudolph
Aindrea,McLinden
Wald,Spick
Selena,Keizman
Buck,Milton-White
Terrance,Richardt
Rani,Brignell
Hobart,Thulborn
Candis,Dymoke
Wilton,Danko
Murial,Delves
Willamina,Tuckwood
Pat,Timson
Diann,Learmonth
Seline,Pierucci
Lincoln,Pirrie
Kev,Longforth
Efren,Duck
Robbie,Aldus
Claudie,Gallemore
Helenka,Maylard
Angeli,Farleigh
Bron,Durston
Yardley,Rawlcliffe
Jerrie,Cristobal
Granthem,Boote
Candy,Shelliday
Rriocard,Dunmore
Forster,Berends
Jameson,Paschek
Tommi,Amott
Margarette,Sterling
Darb,Shefton
Farrand,Succamore
Will,Batcheldor
Jacquenetta,Derisly
Dalton,Gerckens
Victor,Dubery
Margaretta,Peacey
Addie,Fosten
Valaree,Greenhowe
Gabey,Male
Ron,Gooderham
Robb,Marlor
Chrotoem,Whenman
Fara,Heisman
Giustino,Dax
Giles,MacKegg
Alyson,Gronav
Bobbie,Swalteridge
Rita,Pepis
Madella,Crankshaw
Claudina,Gresley
Carly,Von Hindenburg
